scenario,exit_mode,replication,seed,survival_rate,mean_welfare,survival_new,survival_mid,survival_exp
baseline,endogenous,0,670488,0.3667,20.8133,0.0,0.4286,0.5
baseline,endogenous,1,116740,0.9,24.3996,0.7,1.0,1.0
baseline,endogenous,2,26226,0.4667,13.7399,0.6,0.1538,0.8571
baseline,endogenous,3,777573,0.9,23.8859,0.875,1.0,0.7778
baseline,endogenous,4,288390,0.7333,17.964,0.7143,0.7778,0.7143
baseline,endogenous,5,256788,0.7667,34.7062,0.7778,0.6923,0.875
baseline,endogenous,6,234054,0.5667,17.7716,0.5455,0.6,0.5
baseline,endogenous,7,146317,0.8333,23.3932,0.8,0.9,0.8
baseline,endogenous,8,772247,0.6667,24.4268,0.5,0.7273,0.7273
baseline,endogenous,9,107474,0.9667,39.4238,1.0,1.0,0.9231
baseline,endogenous,10,709571,0.6333,33.6376,0.625,0.375,0.7857
baseline,endogenous,11,776647,0.9,32.5796,0.8182,1.0,0.8889
baseline,endogenous,12,935519,0.8333,27.5159,0.7273,0.9091,0.875
baseline,endogenous,13,571859,0.8333,27.7496,1.0,0.75,0.7857
baseline,endogenous,14,91162,0.5333,19.0791,0.4667,0.6667,0.5
baseline,endogenous,15,619177,0.6667,18.8182,0.5833,0.7273,0.7143
baseline,endogenous,16,442418,0.9667,19.0783,1.0,0.9231,1.0
baseline,endogenous,17,33327,0.9,46.1243,0.7778,0.9,1.0
baseline,endogenous,18,31245,0.9,31.8782,0.7143,0.9167,1.0
baseline,endogenous,19,98247,0.9333,28.8209,1.0,0.8667,1.0
baseline,endogenous,20,229259,0.9667,37.8137,1.0,1.0,0.9091
baseline,endogenous,21,243963,0.7333,34.3124,0.8571,0.6154,0.8
baseline,endogenous,22,529904,0.8,36.357,0.7143,0.7,0.9231
baseline,endogenous,23,631263,0.6667,31.2897,0.4444,0.8,0.7273
baseline,endogenous,24,27825,0.5667,20.122,0.6,0.5833,0.3333
baseline,endogenous,25,588509,0.7333,25.5437,0.5455,0.8333,0.8571
baseline,endogenous,26,208497,0.7,22.0459,0.7273,0.75,0.5714
baseline,endogenous,27,750801,0.8,22.8076,0.8,0.8182,0.7778
baseline,endogenous,28,681454,0.5,28.2028,0.1429,0.6667,0.5455
baseline,endogenous,29,735393,0.3,19.0921,0.25,0.5,0.1667
baseline,endogenous,30,571413,0.5333,27.3393,0.5,0.5,0.6667
baseline,endogenous,31,439899,0.7333,36.5882,0.7778,0.4444,0.9167
baseline,endogenous,32,231149,0.5,10.7662,0.4167,0.5,0.75
baseline,endogenous,33,471030,0.7,24.2773,0.7692,0.7273,0.5
baseline,endogenous,34,617890,0.9667,29.8648,1.0,1.0,0.9
baseline,endogenous,35,291705,0.4667,32.1573,0.0,0.5556,0.4444
baseline,endogenous,36,848750,0.8667,25.2477,1.0,0.8182,0.8
baseline,endogenous,37,911528,0.8,24.7867,0.8571,0.8462,0.7
baseline,endogenous,38,6815,0.8,27.8044,0.8889,0.6364,0.9
baseline,endogenous,39,795668,0.8333,25.7691,1.0,0.5833,1.0
baseline,endogenous,40,844963,0.5667,26.0435,0.8571,0.4286,0.5556
baseline,endogenous,41,167415,0.9667,34.2333,0.875,1.0,1.0
baseline,endogenous,42,732053,0.7667,31.7403,0.7,0.8462,0.7143
baseline,endogenous,43,443144,0.5667,18.0426,0.625,0.4286,0.75
baseline,endogenous,44,356779,0.6333,11.8329,0.5,0.8333,0.6667
baseline,endogenous,45,291370,0.7667,24.2806,0.6,0.8333,0.875
baseline,endogenous,46,163033,0.5333,27.2627,0.4545,0.875,0.3636
baseline,endogenous,47,225773,0.7,22.3991,0.8,0.7273,0.5556
baseline,endogenous,48,800582,0.7333,21.3576,1.0,0.75,0.5833
baseline,endogenous,49,352945,0.7333,34.2498,0.375,0.8462,0.8889
baseline,endogenous,50,107176,0.8,26.0546,0.875,0.6923,0.8889
baseline,endogenous,51,97252,0.9,22.7639,1.0,0.9375,0.75
baseline,endogenous,52,398383,0.7333,25.8083,0.8462,0.5,0.8571
baseline,endogenous,53,101415,0.9667,22.1593,1.0,0.8889,1.0
baseline,endogenous,54,376418,0.7,31.5362,0.5556,0.75,0.7778
baseline,endogenous,55,888663,0.5,22.6903,0.5,0.5,0.5
baseline,endogenous,56,360664,0.9667,22.4864,1.0,1.0,0.8889
baseline,endogenous,57,633053,0.7667,15.9991,0.8182,0.6,0.8889
baseline,endogenous,58,277371,0.8667,21.2379,0.8462,1.0,0.8182
baseline,endogenous,59,846336,0.9,32.4167,0.8462,1.0,0.8571
baseline,endogenous,60,45562,0.8667,31.9484,0.8571,0.7692,1.0
baseline,endogenous,61,765180,0.4333,15.4873,0.4444,0.4286,0.4286
baseline,endogenous,62,481742,0.7667,26.1338,0.7,0.7778,0.8182
baseline,endogenous,63,562276,0.8667,19.3861,0.8333,0.8182,1.0
baseline,endogenous,64,130890,0.5667,27.5997,0.5,0.6667,0.5
baseline,endogenous,65,967097,0.6667,29.1311,0.6364,0.6667,0.6875
baseline,endogenous,66,396923,0.5333,16.9654,0.4,0.4167,0.875
baseline,endogenous,67,82628,0.8667,23.5392,0.75,0.9231,0.8889
baseline,endogenous,68,578857,0.8,21.5744,0.75,0.6667,1.0
baseline,endogenous,69,307420,0.6,25.623,0.6667,0.5455,0.6
baseline,endogenous,70,869694,0.7,26.13,0.625,0.6667,0.8571
baseline,endogenous,71,659177,0.4667,18.3139,0.4545,0.5,0.4
baseline,endogenous,72,648565,0.5667,23.0062,0.4615,0.6667,0.625
baseline,endogenous,73,928464,0.6,23.0682,0.4286,0.6667,0.6364
baseline,endogenous,74,903566,0.9667,36.7677,1.0,0.9231,1.0
baseline,endogenous,75,379202,0.2333,23.7795,0.0909,0.3333,0.3
baseline,endogenous,76,605398,0.8667,22.8681,0.8333,0.875,0.875
baseline,endogenous,77,201630,0.9333,19.0876,0.8333,1.0,1.0
baseline,endogenous,78,738798,0.8,18.4995,0.75,0.8571,0.75
baseline,endogenous,79,72934,0.7667,26.215,0.6667,0.7778,0.8333
baseline,endogenous,80,48051,0.5333,26.0717,0.6,0.9,0.2667
baseline,endogenous,81,693385,0.8,17.594,0.7,0.7778,0.9091
baseline,endogenous,82,238969,0.8333,38.1013,1.0,0.75,0.7692
baseline,endogenous,83,810621,0.5333,20.7857,0.4167,0.6667,0.3333
baseline,endogenous,84,303446,0.7667,23.0321,0.75,0.8,0.7143
baseline,endogenous,85,83668,0.6,32.9243,0.5714,0.5833,0.6364
baseline,endogenous,86,896866,0.7333,18.2085,0.75,0.7778,0.6667
baseline,endogenous,87,244099,0.7667,25.0905,1.0,0.75,0.6667
baseline,endogenous,88,908574,0.7667,22.9253,0.875,0.6667,0.8
baseline,endogenous,89,105908,0.7333,27.2544,0.7143,0.6429,0.8889
baseline,endogenous,90,398592,0.8333,29.1411,1.0,0.7273,0.8333
baseline,endogenous,91,291477,0.9,25.5611,1.0,0.9167,0.8333
baseline,endogenous,92,475436,0.6,24.9787,0.75,0.4,0.8571
baseline,endogenous,93,666564,0.9333,34.6391,0.8889,0.9333,1.0
baseline,endogenous,94,874629,0.7,35.6138,0.75,0.5,0.9167
baseline,endogenous,95,382555,0.8,23.6783,0.7692,1.0,0.7
baseline,endogenous,96,170556,0.7,26.9461,0.2857,0.75,0.9091
baseline,endogenous,97,388163,0.8,19.3573,0.8182,0.7857,0.8
baseline,endogenous,98,372529,0.5667,31.0026,0.4,0.5833,0.6154
baseline,endogenous,99,219685,0.9333,22.0437,1.0,0.8571,1.0
baseline,endogenous,100,702730,0.5333,24.3413,0.375,0.5,0.7
baseline,endogenous,101,279947,0.5333,18.4467,0.5625,0.4286,0.5714
baseline,endogenous,102,735912,0.6,20.0286,0.4,0.5714,1.0
baseline,endogenous,103,982154,0.6667,31.644,0.8333,0.6429,0.6
baseline,endogenous,104,716752,0.7,24.7243,0.7143,0.6429,0.7778
baseline,endogenous,105,679515,0.5,19.8445,0.4286,0.5385,0.5
baseline,endogenous,106,74871,0.8667,34.8453,1.0,0.8462,0.8462
baseline,endogenous,107,638721,0.9333,35.2409,1.0,0.75,1.0
baseline,endogenous,108,665823,0.9,21.4901,0.8,0.9286,1.0
baseline,endogenous,109,179452,0.3333,21.3279,0.3333,0.2143,0.5714
baseline,endogenous,110,560087,0.4667,25.609,0.4,0.6,0.4
baseline,endogenous,111,764545,0.8,13.8679,0.8333,0.7273,0.8571
baseline,endogenous,112,256703,0.9333,26.4518,0.9333,0.8889,1.0
baseline,endogenous,113,171340,0.6333,23.8007,0.6667,0.6154,0.6
baseline,endogenous,114,484715,0.6333,25.9748,1.0,0.4615,0.5
baseline,endogenous,115,397888,0.7667,26.0467,0.8571,0.75,0.7143
baseline,endogenous,116,283061,0.4333,22.4195,0.6,0.4375,0.3333
baseline,endogenous,117,970343,0.5667,24.1774,0.5556,0.5385,0.625
baseline,endogenous,118,671089,0.5667,18.0412,0.625,0.5833,0.5
baseline,endogenous,119,721591,0.3,19.9297,0.3571,0.3333,0.1429
baseline,endogenous,120,584005,0.8,28.1024,1.0,0.7857,0.625
baseline,endogenous,121,230284,0.5667,16.2929,0.5,0.7,0.5
baseline,endogenous,122,717871,0.6333,27.5455,0.5714,0.7647,0.3333
baseline,endogenous,123,340036,0.7667,23.9072,0.8,0.8,0.7
baseline,endogenous,124,883795,0.8333,26.7683,0.8571,0.8182,0.8333
baseline,endogenous,125,805636,0.9333,35.222,1.0,0.9091,0.875
baseline,endogenous,126,813695,0.6333,24.9347,0.625,0.5,0.875
baseline,endogenous,127,58656,0.2333,19.5186,0.1667,0.3571,0.1
baseline,endogenous,128,240175,0.4667,26.916,0.4286,0.4,0.5455
baseline,endogenous,129,861723,0.6333,22.9072,0.5,0.6667,0.6667
baseline,endogenous,130,33660,0.9333,30.6748,0.8889,0.875,1.0
baseline,endogenous,131,844152,0.7,23.86,0.75,0.6,0.75
baseline,endogenous,132,330777,0.5333,22.7771,0.1429,0.6667,0.625
baseline,endogenous,133,420652,0.5333,28.3314,0.5556,0.5833,0.4444
baseline,endogenous,134,280747,0.8333,31.0628,0.8,0.8182,0.8889
baseline,endogenous,135,69404,0.8333,35.6487,0.75,0.8571,1.0
baseline,endogenous,136,221232,0.7667,22.1768,0.5714,0.8125,0.8571
baseline,endogenous,137,957493,0.5667,20.2256,0.6154,0.6667,0.375
baseline,endogenous,138,988713,0.8333,27.2539,1.0,0.6667,0.8
baseline,endogenous,139,594732,0.9667,34.0341,0.875,1.0,1.0
baseline,endogenous,140,918939,0.6667,30.4456,0.5,0.7273,0.7273
baseline,endogenous,141,752788,0.8667,34.9646,0.7778,0.9091,0.9
baseline,endogenous,142,329964,0.8,20.1899,0.75,0.8889,0.7778
baseline,endogenous,143,222956,0.7333,30.0675,0.7,0.9,0.6
baseline,endogenous,144,687278,0.5667,22.5231,0.625,0.7692,0.2222
baseline,endogenous,145,523482,0.9333,27.5255,0.9167,1.0,0.8571
baseline,endogenous,146,414851,0.4,18.2624,0.5,0.3636,0.2857
baseline,endogenous,147,927658,0.7667,16.5022,0.9,0.6667,0.75
baseline,endogenous,148,958973,0.9667,27.2273,1.0,0.9286,1.0
baseline,endogenous,149,674080,0.8333,29.677,0.9,0.7692,0.8571
baseline,endogenous,150,481142,0.8,27.9104,0.8462,0.7143,0.8
baseline,endogenous,151,149812,0.9667,23.5166,0.875,1.0,1.0
baseline,endogenous,152,277747,0.4,17.4397,0.4,0.2857,0.6667
baseline,endogenous,153,146414,0.6,21.4067,0.5455,0.6364,0.625
baseline,endogenous,154,258608,1.0,34.8287,1.0,1.0,1.0
baseline,endogenous,155,781178,0.8667,18.1108,0.7333,1.0,1.0
baseline,endogenous,156,588638,0.9,36.5851,0.5714,1.0,1.0
baseline,endogenous,157,565159,0.8333,27.1675,0.875,1.0,0.5714
baseline,endogenous,158,275505,0.8333,33.4778,0.8333,0.8667,0.7778
baseline,endogenous,159,783301,0.6,26.8069,0.5,0.625,0.6
baseline,endogenous,160,612983,0.8333,25.9938,0.8,0.8333,0.8571
baseline,endogenous,161,449246,0.8667,35.3627,0.8571,0.8182,0.9167
baseline,endogenous,162,941436,0.7333,21.0238,0.8889,0.6,0.8333
baseline,endogenous,163,611879,0.8,26.0907,0.8182,0.7273,0.875
baseline,endogenous,164,418802,0.7333,26.9552,1.0,0.6,0.7778
baseline,endogenous,165,379581,0.7667,26.5331,1.0,0.6667,0.75
baseline,endogenous,166,229975,0.9333,38.0202,0.8889,1.0,0.875
baseline,endogenous,167,145052,0.9,21.2198,1.0,0.875,0.8571
baseline,endogenous,168,534278,0.8667,29.9812,1.0,0.8421,0.75
baseline,endogenous,169,517489,0.7,35.6211,0.7143,0.6154,0.8
baseline,endogenous,170,95326,0.6667,27.9974,0.4444,0.7778,0.75
baseline,endogenous,171,792496,0.9,15.3595,0.9,0.9333,0.8
baseline,endogenous,172,49406,0.7333,25.5255,0.6667,0.8235,0.5
baseline,endogenous,173,902932,0.9,22.0047,0.75,1.0,1.0
baseline,endogenous,174,114976,0.7333,23.8496,0.7778,0.8182,0.6
baseline,endogenous,175,160266,0.9,27.0854,0.8889,0.9333,0.8333
baseline,endogenous,176,657925,0.5,24.8333,0.4286,0.6364,0.4167
baseline,endogenous,177,167754,0.9667,33.3221,1.0,1.0,0.9167
baseline,endogenous,178,830556,0.9333,32.8792,1.0,0.9286,0.9091
baseline,endogenous,179,713537,0.6667,17.229,1.0,0.5,0.5833
baseline,endogenous,180,442667,0.8333,30.2136,0.8182,1.0,0.7692
baseline,endogenous,181,625381,0.6667,24.7478,0.8571,0.5882,0.6667
baseline,endogenous,182,66614,0.5667,24.5046,0.75,0.7333,0.2727
baseline,endogenous,183,403458,0.9,24.1817,1.0,0.8,1.0
baseline,endogenous,184,400157,1.0,23.4511,1.0,1.0,1.0
baseline,endogenous,185,624835,0.7333,24.5295,0.7143,0.8333,0.7
baseline,endogenous,186,490786,0.6333,23.3887,0.5,0.6,0.8571
baseline,endogenous,187,554817,0.5667,27.4382,0.7,0.3333,0.6364
baseline,endogenous,188,263627,0.8,24.7866,1.0,0.8,0.5714
baseline,endogenous,189,580100,0.4667,13.1583,0.6667,0.4167,0.3333
baseline,endogenous,190,902593,0.8,24.0152,0.6667,0.8,0.8889
baseline,endogenous,191,988211,0.6,27.0679,0.8333,0.6429,0.4
baseline,endogenous,192,12039,0.8667,26.8079,0.8889,0.9167,0.7778
baseline,endogenous,193,713329,1.0,34.3368,1.0,1.0,1.0
baseline,endogenous,194,755732,0.7,30.687,1.0,0.5,0.75
baseline,endogenous,195,120117,0.7333,26.3527,0.8889,0.6,0.7273
baseline,endogenous,196,714826,0.6,25.4787,0.5,0.7857,0.375
baseline,endogenous,197,927768,0.3667,23.3909,0.4286,0.4,0.3077
baseline,endogenous,198,563055,0.3333,18.6151,0.6,0.25,0.3333
baseline,endogenous,199,787353,0.6,15.4835,0.6667,0.375,0.7
baseline,exogenous,0,670488,1.0,27.524,1.0,1.0,1.0
baseline,exogenous,1,116740,1.0,24.7505,1.0,1.0,1.0
baseline,exogenous,2,26226,1.0,19.4132,1.0,1.0,1.0
baseline,exogenous,3,777573,1.0,25.4486,1.0,1.0,1.0
baseline,exogenous,4,288390,1.0,20.0884,1.0,1.0,1.0
baseline,exogenous,5,256788,1.0,41.8585,1.0,1.0,1.0
baseline,exogenous,6,234054,1.0,24.7636,1.0,1.0,1.0
baseline,exogenous,7,146317,1.0,26.8679,1.0,1.0,1.0
baseline,exogenous,8,772247,1.0,27.9872,1.0,1.0,1.0
baseline,exogenous,9,107474,1.0,38.8234,1.0,1.0,1.0
baseline,exogenous,10,709571,1.0,43.3789,1.0,1.0,1.0
baseline,exogenous,11,776647,1.0,34.2512,1.0,1.0,1.0
baseline,exogenous,12,935519,1.0,29.7381,1.0,1.0,1.0
baseline,exogenous,13,571859,1.0,31.8515,1.0,1.0,1.0
baseline,exogenous,14,91162,1.0,30.4099,1.0,1.0,1.0
baseline,exogenous,15,619177,1.0,19.1828,1.0,1.0,1.0
baseline,exogenous,16,442418,1.0,18.2165,1.0,1.0,1.0
baseline,exogenous,17,33327,1.0,48.187,1.0,1.0,1.0
baseline,exogenous,18,31245,1.0,32.4212,1.0,1.0,1.0
baseline,exogenous,19,98247,1.0,30.4052,1.0,1.0,1.0
baseline,exogenous,20,229259,1.0,38.5404,1.0,1.0,1.0
baseline,exogenous,21,243963,1.0,36.2341,1.0,1.0,1.0
baseline,exogenous,22,529904,1.0,40.8116,1.0,1.0,1.0
baseline,exogenous,23,631263,1.0,35.7,1.0,1.0,1.0
baseline,exogenous,24,27825,1.0,25.4153,1.0,1.0,1.0
baseline,exogenous,25,588509,1.0,27.0809,1.0,1.0,1.0
baseline,exogenous,26,208497,1.0,24.3065,1.0,1.0,1.0
baseline,exogenous,27,750801,1.0,26.1509,1.0,1.0,1.0
baseline,exogenous,28,681454,1.0,33.523,1.0,1.0,1.0
baseline,exogenous,29,735393,1.0,28.012,1.0,1.0,1.0
baseline,exogenous,30,571413,1.0,32.8492,1.0,1.0,1.0
baseline,exogenous,31,439899,1.0,39.1875,1.0,1.0,1.0
baseline,exogenous,32,231149,1.0,13.0605,1.0,1.0,1.0
baseline,exogenous,33,471030,1.0,29.0726,1.0,1.0,1.0
baseline,exogenous,34,617890,1.0,31.8797,1.0,1.0,1.0
baseline,exogenous,35,291705,1.0,45.3832,1.0,1.0,1.0
baseline,exogenous,36,848750,1.0,27.7144,1.0,1.0,1.0
baseline,exogenous,37,911528,1.0,28.609,1.0,1.0,1.0
baseline,exogenous,38,6815,1.0,29.8861,1.0,1.0,1.0
baseline,exogenous,39,795668,1.0,28.4134,1.0,1.0,1.0
baseline,exogenous,40,844963,1.0,31.9996,1.0,1.0,1.0
baseline,exogenous,41,167415,1.0,34.1726,1.0,1.0,1.0
baseline,exogenous,42,732053,1.0,34.7933,1.0,1.0,1.0
baseline,exogenous,43,443144,1.0,25.6527,1.0,1.0,1.0
baseline,exogenous,44,356779,1.0,14.458,1.0,1.0,1.0
baseline,exogenous,45,291370,1.0,24.6734,1.0,1.0,1.0
baseline,exogenous,46,163033,1.0,37.4934,1.0,1.0,1.0
baseline,exogenous,47,225773,1.0,23.8742,1.0,1.0,1.0
baseline,exogenous,48,800582,1.0,29.5273,1.0,1.0,1.0
baseline,exogenous,49,352945,1.0,35.4045,1.0,1.0,1.0
baseline,exogenous,50,107176,1.0,28.7922,1.0,1.0,1.0
baseline,exogenous,51,97252,1.0,23.3122,1.0,1.0,1.0
baseline,exogenous,52,398383,1.0,29.7461,1.0,1.0,1.0
baseline,exogenous,53,101415,1.0,22.0651,1.0,1.0,1.0
baseline,exogenous,54,376418,1.0,37.815,1.0,1.0,1.0
baseline,exogenous,55,888663,1.0,35.9538,1.0,1.0,1.0
baseline,exogenous,56,360664,1.0,21.8276,1.0,1.0,1.0
baseline,exogenous,57,633053,1.0,18.0351,1.0,1.0,1.0
baseline,exogenous,58,277371,1.0,23.3834,1.0,1.0,1.0
baseline,exogenous,59,846336,1.0,35.2989,1.0,1.0,1.0
baseline,exogenous,60,45562,1.0,33.2095,1.0,1.0,1.0
baseline,exogenous,61,765180,1.0,23.5731,1.0,1.0,1.0
baseline,exogenous,62,481742,1.0,28.2654,1.0,1.0,1.0
baseline,exogenous,63,562276,1.0,20.813,1.0,1.0,1.0
baseline,exogenous,64,130890,1.0,33.3482,1.0,1.0,1.0
baseline,exogenous,65,967097,1.0,32.9848,1.0,1.0,1.0
baseline,exogenous,66,396923,1.0,21.1917,1.0,1.0,1.0
baseline,exogenous,67,82628,1.0,25.1575,1.0,1.0,1.0
baseline,exogenous,68,578857,1.0,23.6762,1.0,1.0,1.0
baseline,exogenous,69,307420,1.0,26.7855,1.0,1.0,1.0
baseline,exogenous,70,869694,1.0,31.831,1.0,1.0,1.0
baseline,exogenous,71,659177,1.0,22.4484,1.0,1.0,1.0
baseline,exogenous,72,648565,1.0,29.5356,1.0,1.0,1.0
baseline,exogenous,73,928464,1.0,26.916,1.0,1.0,1.0
baseline,exogenous,74,903566,1.0,37.6187,1.0,1.0,1.0
baseline,exogenous,75,379202,1.0,40.1181,1.0,1.0,1.0
baseline,exogenous,76,605398,1.0,22.731,1.0,1.0,1.0
baseline,exogenous,77,201630,1.0,19.4541,1.0,1.0,1.0
baseline,exogenous,78,738798,1.0,19.9875,1.0,1.0,1.0
baseline,exogenous,79,72934,1.0,27.9709,1.0,1.0,1.0
baseline,exogenous,80,48051,1.0,34.1022,1.0,1.0,1.0
baseline,exogenous,81,693385,1.0,17.5549,1.0,1.0,1.0
baseline,exogenous,82,238969,1.0,41.2993,1.0,1.0,1.0
baseline,exogenous,83,810621,1.0,28.2968,1.0,1.0,1.0
baseline,exogenous,84,303446,1.0,28.6873,1.0,1.0,1.0
baseline,exogenous,85,83668,1.0,37.0839,1.0,1.0,1.0
baseline,exogenous,86,896866,1.0,18.3674,1.0,1.0,1.0
baseline,exogenous,87,244099,1.0,26.7852,1.0,1.0,1.0
baseline,exogenous,88,908574,1.0,26.6324,1.0,1.0,1.0
baseline,exogenous,89,105908,1.0,29.9206,1.0,1.0,1.0
baseline,exogenous,90,398592,1.0,32.074,1.0,1.0,1.0
baseline,exogenous,91,291477,1.0,27.5982,1.0,1.0,1.0
baseline,exogenous,92,475436,1.0,33.8301,1.0,1.0,1.0
baseline,exogenous,93,666564,1.0,35.5968,1.0,1.0,1.0
baseline,exogenous,94,874629,1.0,41.2913,1.0,1.0,1.0
baseline,exogenous,95,382555,1.0,28.984,1.0,1.0,1.0
baseline,exogenous,96,170556,1.0,31.0577,1.0,1.0,1.0
baseline,exogenous,97,388163,1.0,21.1816,1.0,1.0,1.0
baseline,exogenous,98,372529,1.0,33.7293,1.0,1.0,1.0
baseline,exogenous,99,219685,1.0,22.8169,1.0,1.0,1.0
baseline,exogenous,100,702730,1.0,29.1321,1.0,1.0,1.0
baseline,exogenous,101,279947,1.0,25.6716,1.0,1.0,1.0
baseline,exogenous,102,735912,1.0,25.6665,1.0,1.0,1.0
baseline,exogenous,103,982154,1.0,37.3195,1.0,1.0,1.0
baseline,exogenous,104,716752,1.0,29.5919,1.0,1.0,1.0
baseline,exogenous,105,679515,1.0,27.3618,1.0,1.0,1.0
baseline,exogenous,106,74871,1.0,38.0111,1.0,1.0,1.0
baseline,exogenous,107,638721,1.0,37.0559,1.0,1.0,1.0
baseline,exogenous,108,665823,1.0,22.1645,1.0,1.0,1.0
baseline,exogenous,109,179452,1.0,28.128,1.0,1.0,1.0
baseline,exogenous,110,560087,1.0,38.8455,1.0,1.0,1.0
baseline,exogenous,111,764545,1.0,16.0785,1.0,1.0,1.0
baseline,exogenous,112,256703,1.0,27.1657,1.0,1.0,1.0
baseline,exogenous,113,171340,1.0,31.337,1.0,1.0,1.0
baseline,exogenous,114,484715,1.0,33.0157,1.0,1.0,1.0
baseline,exogenous,115,397888,1.0,32.9338,1.0,1.0,1.0
baseline,exogenous,116,283061,1.0,34.0518,1.0,1.0,1.0
baseline,exogenous,117,970343,1.0,27.9917,1.0,1.0,1.0
baseline,exogenous,118,671089,1.0,27.0525,1.0,1.0,1.0
baseline,exogenous,119,721591,1.0,24.0944,1.0,1.0,1.0
baseline,exogenous,120,584005,1.0,32.7455,1.0,1.0,1.0
baseline,exogenous,121,230284,1.0,22.5686,1.0,1.0,1.0
baseline,exogenous,122,717871,1.0,36.5161,1.0,1.0,1.0
baseline,exogenous,123,340036,1.0,23.8441,1.0,1.0,1.0
baseline,exogenous,124,883795,1.0,27.7398,1.0,1.0,1.0
baseline,exogenous,125,805636,1.0,36.0389,1.0,1.0,1.0
baseline,exogenous,126,813695,1.0,30.1762,1.0,1.0,1.0
baseline,exogenous,127,58656,1.0,30.7131,1.0,1.0,1.0
baseline,exogenous,128,240175,1.0,33.8407,1.0,1.0,1.0
baseline,exogenous,129,861723,1.0,26.6666,1.0,1.0,1.0
baseline,exogenous,130,33660,1.0,32.099,1.0,1.0,1.0
baseline,exogenous,131,844152,1.0,30.8686,1.0,1.0,1.0
baseline,exogenous,132,330777,1.0,27.4056,1.0,1.0,1.0
baseline,exogenous,133,420652,1.0,35.0634,1.0,1.0,1.0
baseline,exogenous,134,280747,1.0,31.096,1.0,1.0,1.0
baseline,exogenous,135,69404,1.0,37.9097,1.0,1.0,1.0
baseline,exogenous,136,221232,1.0,25.6876,1.0,1.0,1.0
baseline,exogenous,137,957493,1.0,29.8059,1.0,1.0,1.0
baseline,exogenous,138,988713,1.0,30.9819,1.0,1.0,1.0
baseline,exogenous,139,594732,1.0,34.219,1.0,1.0,1.0
baseline,exogenous,140,918939,1.0,36.7025,1.0,1.0,1.0
baseline,exogenous,141,752788,1.0,35.9827,1.0,1.0,1.0
baseline,exogenous,142,329964,1.0,21.7359,1.0,1.0,1.0
baseline,exogenous,143,222956,1.0,36.813,1.0,1.0,1.0
baseline,exogenous,144,687278,1.0,32.5244,1.0,1.0,1.0
baseline,exogenous,145,523482,1.0,29.4638,1.0,1.0,1.0
baseline,exogenous,146,414851,1.0,31.3171,1.0,1.0,1.0
baseline,exogenous,147,927658,1.0,19.8472,1.0,1.0,1.0
baseline,exogenous,148,958973,1.0,27.2909,1.0,1.0,1.0
baseline,exogenous,149,674080,1.0,32.2829,1.0,1.0,1.0
baseline,exogenous,150,481142,1.0,30.4777,1.0,1.0,1.0
baseline,exogenous,151,149812,1.0,23.6578,1.0,1.0,1.0
baseline,exogenous,152,277747,1.0,21.8186,1.0,1.0,1.0
baseline,exogenous,153,146414,1.0,27.9668,1.0,1.0,1.0
baseline,exogenous,154,258608,1.0,34.4344,1.0,1.0,1.0
baseline,exogenous,155,781178,1.0,19.534,1.0,1.0,1.0
baseline,exogenous,156,588638,1.0,37.8539,1.0,1.0,1.0
baseline,exogenous,157,565159,1.0,29.8949,1.0,1.0,1.0
baseline,exogenous,158,275505,1.0,34.414,1.0,1.0,1.0
baseline,exogenous,159,783301,1.0,32.1986,1.0,1.0,1.0
baseline,exogenous,160,612983,1.0,27.6035,1.0,1.0,1.0
baseline,exogenous,161,449246,1.0,37.379,1.0,1.0,1.0
baseline,exogenous,162,941436,1.0,24.0647,1.0,1.0,1.0
baseline,exogenous,163,611879,1.0,29.3989,1.0,1.0,1.0
baseline,exogenous,164,418802,1.0,33.9016,1.0,1.0,1.0
baseline,exogenous,165,379581,1.0,28.5406,1.0,1.0,1.0
baseline,exogenous,166,229975,1.0,40.4117,1.0,1.0,1.0
baseline,exogenous,167,145052,1.0,22.4474,1.0,1.0,1.0
baseline,exogenous,168,534278,1.0,31.4012,1.0,1.0,1.0
baseline,exogenous,169,517489,1.0,40.0086,1.0,1.0,1.0
baseline,exogenous,170,95326,1.0,31.8575,1.0,1.0,1.0
baseline,exogenous,171,792496,1.0,15.2737,1.0,1.0,1.0
baseline,exogenous,172,49406,1.0,30.0547,1.0,1.0,1.0
baseline,exogenous,173,902932,1.0,22.0647,1.0,1.0,1.0
baseline,exogenous,174,114976,1.0,29.3038,1.0,1.0,1.0
baseline,exogenous,175,160266,1.0,27.2049,1.0,1.0,1.0
baseline,exogenous,176,657925,1.0,37.686,1.0,1.0,1.0
baseline,exogenous,177,167754,1.0,34.8561,1.0,1.0,1.0
baseline,exogenous,178,830556,1.0,33.8225,1.0,1.0,1.0
baseline,exogenous,179,713537,1.0,23.9055,1.0,1.0,1.0
baseline,exogenous,180,442667,1.0,32.2924,1.0,1.0,1.0
baseline,exogenous,181,625381,1.0,27.2081,1.0,1.0,1.0
baseline,exogenous,182,66614,1.0,26.8856,1.0,1.0,1.0
baseline,exogenous,183,403458,1.0,23.7903,1.0,1.0,1.0
baseline,exogenous,184,400157,1.0,24.9639,1.0,1.0,1.0
baseline,exogenous,185,624835,1.0,27.3372,1.0,1.0,1.0
baseline,exogenous,186,490786,1.0,27.61,1.0,1.0,1.0
baseline,exogenous,187,554817,1.0,36.4745,1.0,1.0,1.0
baseline,exogenous,188,263627,1.0,28.5444,1.0,1.0,1.0
baseline,exogenous,189,580100,1.0,27.6154,1.0,1.0,1.0
baseline,exogenous,190,902593,1.0,25.0574,1.0,1.0,1.0
baseline,exogenous,191,988211,1.0,29.4861,1.0,1.0,1.0
baseline,exogenous,192,12039,1.0,29.6732,1.0,1.0,1.0
baseline,exogenous,193,713329,1.0,32.9241,1.0,1.0,1.0
baseline,exogenous,194,755732,1.0,39.4431,1.0,1.0,1.0
baseline,exogenous,195,120117,1.0,29.847,1.0,1.0,1.0
baseline,exogenous,196,714826,1.0,32.1784,1.0,1.0,1.0
baseline,exogenous,197,927768,1.0,35.7119,1.0,1.0,1.0
baseline,exogenous,198,563055,1.0,31.5009,1.0,1.0,1.0
baseline,exogenous,199,787353,1.0,18.1333,1.0,1.0,1.0
